{
    "model_name": "DigitClassifier",
    "architecture": {
        "type": "Multi-Layer Perceptron (MLP)",
        "input_size": 784,
        "hidden_layer_1": 128,
        "hidden_layer_2": 64,
        "output_size": 10,
        "activation": "ReLU",
        "total_parameters": 109386
    },
    "training_config": {
        "optimizer": "Adam",
        "learning_rate": 0.001,
        "loss_function": "CrossEntropyLoss",
        "batch_size": 64,
        "num_epochs": 10,
        "train_samples": 33600,
        "val_samples": 8400
    },
    "performance": {
        "final_train_accuracy": 0.9955952380952381,
        "final_val_accuracy": 0.9722619047619048,
        "final_train_loss": 0.012775714830239026,
        "final_val_loss": 0.1511755410639594,
        "best_val_accuracy": 0.9752380952380952,
        "best_val_epoch": 8
    },
    "training_history": {
        "train_losses": [
            0.023306422679951148,
            0.01679301426987097,
            0.013692314792424441,
            0.011493069441501228,
            0.013982132567353325,
            0.01031588063339032,
            0.010802502382042197,
            0.006953029221009014,
            0.010268256623960388,
            0.012775714830239026
        ],
        "val_losses": [
            0.10541077379214887,
            0.13184010040431254,
            0.1327365595903812,
            0.12912818654987143,
            0.1310528480244102,
            0.14156743896246277,
            0.13219113299816276,
            0.13774675505875633,
            0.15093315066879961,
            0.1511755410639594
        ],
        "train_accuracies": [
            0.9926488095238095,
            0.9948809523809524,
            0.9961011904761905,
            0.9964583333333333,
            0.9952678571428571,
            0.9962202380952381,
            0.9966071428571428,
            0.9980357142857142,
            0.996547619047619,
            0.9955952380952381
        ],
        "val_accuracies": [
            0.9729761904761904,
            0.9679761904761904,
            0.9683333333333334,
            0.9717857142857143,
            0.9711904761904762,
            0.97,
            0.9730952380952381,
            0.9752380952380952,
            0.9695238095238096,
            0.9722619047619048
        ]
    },
    "metadata": {
        "framework": "PyTorch",
        "pytorch_version": "2.8.0",
        "trained_on": "2025-10-08 18:15:55",
        "dataset": "MNIST (Kaggle Digit Recognizer)",
        "author": "Francisco Teixeira Barbosa"
    }
}